Player,Pos,To,AP1,PB,St,wAV,G,Cmp,Att,Yds,TD,Int,Att,Yds,TD,Rec,Yds,TD,Solo,Int,Sk,-9999
Johnathan Abram,S,2021,0,0,2,9,28,0,0,0,0,0,0,0,0,0,0,0,125,3,,AbraJo01
Nasir Adderley,S,2021,0,0,2,9,34,0,0,0,0,0,0,0,0,0,0,0,129,1,0.5,AddeNa00
Freedom Akinmoladun,DE,2021,0,0,0,0,5,0,0,0,0,0,0,0,0,0,0,0,3,,,AkinFr01
Azeez Al-Shaair,LB,2021,0,0,2,14,44,0,0,0,0,0,0,0,0,0,0,0,91,2,2.0,AlShAz00
Nick Allegretti,G,2021,0,0,1,7,40,0,0,0,0,0,0,0,0,0,0,0,,,,AlleNi00
Dakota Allen,LB,2021,0,0,0,2,32,0,0,0,0,0,0,0,0,0,0,0,17,,,AlleDa01
Josh Allen,EDGE,2021,0,1,2,15,40,0,0,0,0,0,0,0,0,0,0,0,84,1,20.5,AlleJo03
Zach Allen,DL,2021,0,0,2,12,32,0,0,0,0,0,0,0,0,0,0,0,56,1,6.0,AlleZa01
Ugo Amadi,S,2021,0,0,1,6,47,0,0,0,0,0,0,0,0,0,0,0,102,1,,AmadUg00
Abdullah Anderson,DT,2021,0,0,0,1,10,0,0,0,0,0,0,0,0,0,0,0,4,,1.0,AndeAb00
JJ Arcega-Whiteside,WR,2021,0,0,0,2,40,0,0,0,0,0,0,0,0,16,290,1,4,,,ArceJJ00
Ryquell Armstead,RB,2021,0,0,0,2,18,0,0,0,0,0,50,188,0,17,160,2,1,,,ArmsRy00
Blessuan Austin,CB,2021,0,0,1,6,29,0,0,0,0,0,0,0,0,0,0,0,77,,,AustBl00
Jake Bailey,P,2021,1,1,0,6,49,0,0,0,0,0,0,0,0,0,0,0,2,,,BailJa00
Quinn Bailey,T,2021,0,0,0,0,6,0,0,0,0,0,0,0,0,0,0,0,,,,BailQu00
Deandre Baker,CB,2021,0,0,1,6,26,0,0,0,0,0,0,0,0,0,0,0,65,,1.0,BakeDe00
Corey Ballentine,CB,2021,0,0,0,2,32,0,0,0,0,0,0,0,0,0,0,0,38,,,BallCo00
Ben Banogu,EDGE,2021,0,0,0,3,34,0,0,0,0,0,0,0,0,0,0,0,10,,2.5,BanoBe00
Alex Bars,T,2021,0,0,0,6,38,0,0,0,0,0,0,0,0,0,0,0,,,,BarsAl01
Cody Barton,LB,2021,0,0,0,6,48,0,0,0,0,0,0,0,0,0,0,0,56,,,BartCo00
Ryan Bates,T,2021,0,0,0,5,41,0,0,0,0,0,0,0,0,0,0,0,,,,BateRy02
Sam Beal,CB,2021,0,0,0,1,9,0,0,0,0,0,0,0,0,0,0,0,21,,,BealSa00
Andrew Beck,TE,2021,0,0,0,1,38,1,1,6,0,0,1,3,0,9,90,1,2,,,BeckAn01
Ryan Bee,DE,2019,0,0,0,0,1,0,0,0,0,0,0,0,0,0,0,0,,,,BeexRy00
Beau Benzschawel,G,2020,0,0,0,0,3,0,0,0,0,0,0,0,0,0,0,0,,,,BenzBe01
Marquise Blair,S,2021,0,0,0,2,22,0,0,0,0,0,0,0,0,0,0,0,34,,,BlaiMa01
Kendall Blanton,TE,2021,0,0,0,0,12,0,0,0,0,0,0,0,0,4,37,0,,,,BlanKe01
Khari Blasingame,RB,2021,0,0,1,0,32,0,0,0,0,0,3,6,0,10,97,0,6,,,BlasKh00
David Blough,QB,2021,0,0,0,-1,7,100,184,1033,4,7,10,55,0,1,19,1,,,,BlouDa00
Reggie Bonnafon,RB,2021,0,0,0,2,22,0,0,0,0,0,29,189,1,10,87,1,3,,,BonnRe00
Nick Bosa,EDGE,2021,0,2,2,24,35,0,0,0,0,0,0,0,0,0,0,0,75,1,24.5,BosaNi00
Kris Boyd,CB,2021,0,0,0,5,41,0,0,0,0,0,0,0,0,0,0,0,65,,,BoydKr00
Miles Boykin,WR,2021,0,0,2,6,40,0,0,0,0,0,0,0,0,33,470,7,2,,,BoykMi00
Garrett Bradbury,OL,2021,0,0,3,19,45,0,0,0,0,0,0,0,0,2,17,0,,,,BradGa00
Chandler Brewer,T,2019,0,0,0,1,7,0,0,0,0,0,0,0,0,0,0,0,,,,BrewCh01
Nate Brooks,DB,2020,0,0,0,1,4,0,0,0,0,0,0,0,0,0,0,0,10,,,BrooNa00
Tony Brooks-James,RB,2020,0,0,0,0,4,0,0,0,0,0,11,11,0,0,0,0,,,,BrooTo01
Cortez Broughton,DL,2021,0,0,0,1,12,0,0,0,0,0,0,0,0,0,0,0,4,,,BrouCo00
A.J. Brown,WR,2021,0,1,3,30,43,0,2,0,0,0,5,70,1,185,2995,24,2,,,BrowAJ00
Alex Brown,DB,2019,0,0,0,0,3,0,0,0,0,0,0,0,0,0,0,0,2,,,BrowAl02
Kyron Brown,DB,2021,0,0,0,1,4,0,0,0,0,0,0,0,0,0,0,0,5,,,BrowKy00
Marquise Brown,WR,2021,0,0,2,24,46,0,0,0,0,0,2,6,0,195,2361,21,,,,BrowMa04
Miles Brown,DT,2019,0,0,0,1,9,0,0,0,0,0,0,0,0,0,0,0,2,,,BrowMi01
Austin Bryant,EDGE,2021,0,0,0,4,24,0,0,0,0,0,0,0,0,0,0,0,35,,4.5,BryaAu00
Brandin Bryant,DL,2021,0,0,0,0,7,0,0,0,0,0,0,0,0,0,0,0,5,,,BryaBr00
Ventell Bryant,WR,2019,0,0,0,0,12,0,0,0,0,0,0,0,0,1,15,1,6,,,BryaVe00
Isaiah Buggs,DL,2021,0,0,0,5,29,0,0,0,0,0,0,0,0,0,0,0,14,,,BuggIs00
Brian Burns,EDGE,2021,0,1,2,19,48,0,0,0,0,0,0,0,0,0,0,0,85,,25.5,BurnBr00
Ben Burr-Kirven,LB,2020,0,0,0,2,32,0,0,0,0,0,0,0,0,0,0,0,10,,,BurrBe00
Devin Bush Jr.,LB,2021,0,0,1,17,35,0,0,0,0,0,0,0,0,0,0,0,129,2,4.0,BushDe01
Shaq Calhoun,G,2021,0,0,1,3,12,0,0,0,0,0,0,0,0,0,0,0,,,,CalhSh01
Parris Campbell,WR,2021,0,0,0,4,15,0,0,0,0,0,6,50,0,34,360,2,,,,CampPa00
Stephen Carlson,TE,2021,0,0,0,0,27,0,0,0,0,0,0,0,0,6,62,1,7,,,CarlSt00
Blake Cashman,LB,2021,0,0,0,4,14,0,0,0,0,0,0,0,0,0,0,0,34,,0.5,CashBl00
Jordan Chunn,RB,2019,0,0,0,0,1,0,0,0,0,0,0,0,0,0,0,0,,,,ChunJo00
AJ Cole III,P,2021,1,1,0,7,49,0,0,0,0,0,1,0,0,0,0,0,2,,,ColeAJ01
L.J. Collier,DL,2021,0,0,1,8,37,0,0,0,0,0,0,0,0,0,0,0,21,,3.0,CollLJ00
John Cominsky,DE,2021,0,0,0,3,27,0,0,0,0,0,0,0,0,0,0,0,19,,1.5,ComiJo00
Ryan Connelly,LB,2021,0,0,0,4,30,0,0,0,0,0,0,0,0,0,0,0,18,2,1.0,ConnRy00
Lester Cotton,G,2021,0,0,0,0,5,0,0,0,0,0,0,0,0,0,0,0,,,,CottLe00
Byron Cowart,DL,2020,0,0,1,9,19,0,0,0,0,0,0,0,0,0,0,0,15,,1.0,CowaBy00
Chandler Cox,RB,2020,0,0,0,0,21,0,0,0,0,0,0,0,0,2,9,0,,,,CoxxCh01
Xavier Crawford,CB,2021,0,0,0,1,21,0,0,0,0,0,0,0,0,0,0,0,14,,,CrawXa00
Maxx Crosby,EDGE,2021,0,1,3,25,49,0,0,0,0,0,0,0,0,0,0,0,92,,25.0,CrosMa00
Austin Cutting,LS,2020,0,0,0,1,25,0,0,0,0,0,0,0,0,0,0,0,1,,,CuttAu00
Dennis Daley,OL,2021,0,0,1,9,34,0,0,0,0,0,0,0,0,0,0,0,,,,DaleDe00
Kahzin Daniels,LB,2019,0,0,0,0,2,0,0,0,0,0,0,0,0,0,0,0,,,,DaniKa00
Davion Davis,WR,2021,0,0,0,0,4,0,0,0,0,0,0,0,0,1,17,0,,,,DaviDa03
Jamal Davis II,DE,2019,0,0,0,0,3,0,0,0,0,0,0,0,0,0,0,0,,,,DaviJa08
Nate Davis,OL,2021,0,0,3,19,43,0,0,0,0,0,0,0,0,0,0,0,1,,,DaviNa01
Noah Dawkins,LB,2021,0,0,0,1,17,0,0,0,0,0,0,0,0,0,0,0,2,,,DawkNo00
Jamel Dean,CB,2021,0,0,1,9,42,0,0,0,0,0,0,0,0,0,0,0,111,5,,DeanJa00
Michael Deiter,OL,2021,0,0,1,10,40,0,0,0,0,0,0,0,0,1,0,0,,,,DeitMi00
Andre Dillard,OL,2021,0,0,0,6,31,0,0,0,0,0,0,0,0,0,0,0,,,,DillAn00
Brandon Dillon,TE,2021,0,0,0,0,5,0,0,0,0,0,0,0,0,1,6,0,,,,DillBr00
Michael Dogbe,DL,2021,0,0,0,2,27,0,0,0,0,0,0,0,0,0,0,0,18,,2.0,DogbMi00
Greg Dortch,WR,2021,0,0,0,0,7,0,0,0,0,0,1,24,0,3,15,0,1,,,DortGr01
Keelan Doss,WR,2020,0,0,0,1,9,0,0,0,0,0,0,0,0,11,133,0,,,,DossKe00
Ashton Dulin,WR,2021,0,0,0,3,43,0,0,0,0,0,5,43,0,18,243,2,23,,,DuliAs00
Chuma Edoga,OL,2021,0,0,0,5,24,0,0,0,0,0,0,0,0,0,0,0,,,,EdogCh00
David Edwards,OL,2021,0,0,2,21,49,0,0,0,0,0,0,0,0,0,0,0,1,,,EdwaDa01
Mike Edwards,S,2021,0,0,0,8,45,0,0,0,0,0,0,0,0,0,0,0,73,5,1.0,EdwaMi01
T.J. Edwards,LB,2021,0,0,2,14,44,0,0,0,0,0,0,0,0,0,0,0,116,2,3.0,EdwaTJ02
Emeke Egbule,LB,2021,0,0,0,2,32,0,0,0,0,0,0,0,0,0,0,0,9,,,EgbuEm00
Samuel Eguavoen,LB,2021,0,0,1,6,49,0,0,0,0,0,0,0,0,0,0,0,36,,4.0,EguaSa00
Daniel Ekuale,DL,2021,0,0,0,4,23,0,0,0,0,0,0,0,0,0,0,0,13,,3.0,EkuaDa00
Kaden Elliss,LB,2021,0,0,0,3,31,0,0,0,0,0,0,0,0,0,0,0,13,,1.0,ElliKa00
Marcus Epps,S,2021,0,0,0,5,45,0,0,0,0,0,0,0,0,0,0,0,79,3,,EppsMa00
Bobby Evans,OL,2021,0,0,0,5,23,0,0,0,0,0,0,0,0,0,0,0,,,,EvanBo00
Noah Fant,TE,2021,0,0,3,14,47,0,0,0,0,0,3,-12,0,170,1905,10,2,,,FantNo00
Rashad Fenton,CB,2021,0,0,0,6,42,0,0,0,0,0,0,0,0,0,0,0,77,2,,FentRa00
Jaylon Ferguson,DE,2021,0,0,1,8,38,0,0,0,0,0,0,0,0,0,0,0,44,,4.5,FergJa02
Clelin Ferrell,EDGE,2021,0,0,2,11,42,0,0,0,0,0,0,0,0,0,0,0,50,,8.0,FerrCl00
Mark Fields II,CB,2020,0,0,0,0,5,0,0,0,0,0,0,0,0,0,0,0,2,,,FielMa01
Ryan Finley,QB,2020,0,0,0,2,8,58,119,638,3,4,21,143,1,0,0,0,,,,FinlRy00
Drew Forbes,OT,2021,0,0,0,0,3,0,0,0,0,0,0,0,0,0,0,0,,,,ForbDr00
Cody Ford,OL,2021,0,0,1,13,38,0,0,0,0,0,0,0,0,0,0,0,1,,,FordCo00
John Franklin,DB,2019,0,0,0,0,1,0,0,0,0,0,1,11,0,0,0,0,,,,FranJo04
Travis Fulgham,WR,2021,0,0,1,4,17,0,0,0,0,0,0,0,0,38,539,4,,,,FulgTr00
Greg Gaines,DL,2021,0,0,1,9,43,0,0,0,0,0,0,0,0,0,0,0,43,,6.5,GainGr00
Chauncey Gardner-Johnson,S,2021,0,0,2,12,43,0,0,0,0,0,0,0,0,0,0,0,122,5,3.0,GardCh00
Rashan Gary,DL,2021,0,0,1,12,47,0,0,0,0,0,0,0,0,0,0,0,59,,16.5,GaryRa00
Myles Gaskin,RB,2021,0,0,1,13,34,0,0,0,0,0,351,1329,7,97,673,6,,,,GaskMy00
Matt Gay,K,2021,0,1,0,10,40,0,0,0,0,0,0,0,0,0,0,0,2,,,GayxMa00
Zach Gentry,TE,2021,0,0,1,1,23,0,0,0,0,0,0,0,0,20,171,0,1,,,GentZa00
Jake Gervase,DB,2021,0,0,0,0,5,0,0,0,0,0,0,0,0,0,0,0,1,,,GervJa00
Luke Gifford,LB,2021,0,0,0,2,30,0,0,0,0,0,0,0,0,0,0,0,15,,,GiffLu00
Ulysees Gilbert,LB,2021,0,0,0,2,28,0,0,0,0,0,0,0,0,0,0,0,17,,,GilbUl00
Joe Giles-Harris,LB,2021,0,0,0,2,16,0,0,0,0,0,0,0,0,0,0,0,13,,1.0,GileJo01
Jamie Gillan,P,2021,0,0,0,4,44,0,0,0,0,0,2,-2,0,0,0,0,3,,,GillJa00
Cullen Gillaspia,RB,2021,0,0,0,0,38,0,0,0,0,0,0,0,0,1,6,0,5,,,GillCu00
Kevin Givens,DT,2021,0,0,0,3,27,0,0,0,0,0,0,0,0,0,0,0,22,,1.0,GiveKe01
Ahmad Gooden,DE,2019,0,0,0,0,3,0,0,0,0,0,0,0,0,0,0,0,1,,,GoodAh00
Jaeden Graham,TE,2020,0,0,0,1,32,0,0,0,0,0,0,0,0,12,174,1,6,,,GrahJa01
Carl Granderson,DE,2021,0,0,0,6,38,0,0,0,0,0,0,0,0,0,0,0,30,,9.0,GranCa01
Ethan Greenidge,OL,2020,0,0,0,1,15,0,0,0,0,0,0,0,0,0,0,0,,,,GreeEt00
Dre Greenlaw,LB,2021,0,0,2,15,32,0,0,0,0,0,0,0,0,0,0,0,135,2,2.0,GreeDr00
Will Grier,QB,2019,0,0,0,1,2,28,52,228,0,4,7,22,0,0,0,0,,,,GrieWi00
Porter Gustin,LB,2021,0,0,0,4,26,0,0,0,0,0,0,0,0,0,0,0,26,,1.0,GustPo01
Jalen Guyton,WR,2021,0,0,1,8,35,0,0,0,0,0,9,34,0,59,959,6,2,,,GuytJa01
Saquan Hampton,S,2020,0,0,0,0,6,0,0,0,0,0,0,0,0,0,0,0,1,,,HampSa00
Mecole Hardman,WR,2021,0,1,0,19,49,0,0,0,0,0,16,94,0,126,1791,12,1,,,HardMe00
Kelvin Harmon,WR,2019,0,0,1,3,16,1,1,11,0,0,0,0,0,30,365,0,2,,,HarmKe00
Damien Harris,RB,2021,0,0,2,13,27,0,0,0,0,0,343,1632,17,23,184,0,,,,HarrDa06
Deonte Harris,WR,2021,1,1,0,8,36,0,0,0,0,0,15,123,0,62,780,4,2,,,HarrDe07
Jonathan Harris,DE,2021,0,0,0,0,8,0,0,0,0,0,0,0,0,0,0,0,11,,,HarrJo05
Trent Harris,DL,2021,0,0,0,2,19,0,0,0,0,0,0,0,0,0,0,0,20,,2.0,HarrTr01
Will Harris,S,2021,0,0,1,8,49,0,0,0,0,0,0,0,0,0,0,0,118,,1.5,HarrWi02
N'Keal Harry,WR,2021,0,0,1,6,33,0,0,0,0,0,7,49,0,57,598,4,,,,HarrNK00
Montre Hartage,DB,2020,0,0,0,0,6,0,0,0,0,0,0,0,0,0,0,0,6,,,HartMo01
Willie Harvey,LB,2021,0,0,0,0,4,0,0,0,0,0,0,0,0,0,0,0,1,,,HarvWi00
Dwayne Haskins,QB,2020,0,0,0,4,16,267,444,2804,12,14,40,147,1,0,0,0,,,,HaskDw00
J.T. Hassell,DB,2020,0,0,0,0,7,0,0,0,0,0,0,0,0,0,0,0,6,,,HassJT00
Tae Hayes,DB,2020,0,0,0,0,6,0,0,0,0,0,0,0,0,0,0,0,6,,,HayeTa00
Phil Haynes,OL,2021,0,0,0,1,7,0,0,0,0,0,0,0,0,0,0,0,,,,HaynPh00
Darrell Henderson,RB,2021,0,0,1,11,40,0,0,0,0,0,326,1459,10,49,372,4,,,,HendDa00
Hale Hentges,TE,2020,0,0,0,1,12,0,0,0,0,0,0,0,0,8,103,1,1,,,HentHa00
Nate Herbig,G,2021,0,0,1,7,33,0,0,0,0,0,0,0,0,0,0,0,,,,HerbNa01
Frank Herron,DL,2021,0,0,0,0,8,0,0,0,0,0,0,0,0,0,0,0,6,,,HerrFr00
Justice Hill,RB,2020,0,0,0,4,28,0,0,0,0,0,70,285,2,13,90,0,6,,,HillJu00
Trysten Hill,DL,2021,0,0,0,4,18,0,0,0,0,0,0,0,0,0,0,0,17,,0.5,HillTr00
Jon Hilliman,RB,2019,0,0,0,1,3,0,0,0,0,0,30,91,0,3,1,0,,,,HillJo03
Wes Hills,RB,2019,0,0,0,0,1,0,0,0,0,0,10,21,2,2,1,0,,,,HillWe00
T.J. Hockenson,TE,2021,0,1,2,13,40,0,0,0,0,0,1,0,0,160,1673,12,2,,,HockTJ00
Devlin Hodges,QB,2019,0,0,0,0,8,100,160,1063,5,8,21,68,0,0,0,0,,,,HodgDe00
Cole Holcomb,LB,2021,0,0,3,19,43,0,0,0,0,0,0,0,0,0,0,0,202,3,4.5,HolcCo00
Alijah Holder,DB,2020,0,0,0,0,10,0,0,0,0,0,0,0,0,0,0,0,5,,,HoldAl01
Alexander Hollins,WR,2019,0,0,0,0,5,0,0,0,0,0,0,0,0,2,46,0,,,,HollAl00
Justin Hollins,EDGE,2021,0,0,0,4,39,0,0,0,0,0,0,0,0,0,0,0,44,,6.0,HollJu00
Cody Hollister,WR,2021,0,0,0,0,10,0,0,0,0,0,0,0,0,7,58,0,1,,,HollCo00
Ka'dar Hollman,CB,2020,0,0,0,1,18,0,0,0,0,0,0,0,0,0,0,0,7,,,HollKa00
Travis Homer,RB,2021,0,0,0,6,39,0,0,0,0,0,64,379,1,36,307,1,12,,,HomeTr00
Amani Hooker,S,2021,0,0,1,7,44,0,0,0,0,0,1,4,0,1,6,0,88,5,,HookAm00
Jesper Horsted,WR,2021,0,0,0,1,13,0,0,0,0,0,0,0,0,10,108,3,2,,,HorsJe00
Tytus Howard,OL,2021,0,0,3,17,37,0,0,0,0,0,0,0,0,0,0,0,,,,HowaTy00
Tanner Hudson,TE,2021,0,0,0,0,22,0,0,0,0,0,0,0,0,5,67,0,,,,HudsTa00
Albert Huggins,DT,2021,0,0,0,1,14,0,0,0,0,0,0,0,0,0,0,0,3,,,HuggAl01
Lil'Jordan Humphrey,WR,2021,0,0,0,2,18,0,0,0,0,0,0,0,0,16,295,3,1,,,HumpLi01
Ryan Hunter,T,2019,0,0,0,0,3,0,0,0,0,0,0,0,0,0,0,0,,,,HuntRy00
Ishmael Hyman,WR,2019,0,0,0,0,2,0,0,0,0,0,0,0,0,2,34,0,,,,HymaIs00
Alec Ingold,FB,2021,0,0,0,2,41,0,0,0,0,0,15,22,0,28,239,3,4,,,IngoAl01
Trenton Irwin,WR,2021,0,0,0,0,9,0,0,0,0,0,0,0,0,3,39,0,,,,IrwiTr00
Andy Isabella,WR,2021,0,0,0,4,36,0,0,0,0,0,5,9,0,31,426,3,2,,,IsabAn00
Joe Jackson,EDGE,2021,0,0,0,1,20,0,0,0,0,0,0,0,0,0,0,0,13,,1.5,JackJo02
Michael Jackson,CB,2021,0,0,0,0,4,0,0,0,0,0,0,0,0,0,0,0,2,,,JackMi01
Josh Jacobs,RB,2021,0,1,3,22,43,0,0,0,0,0,732,3087,28,107,752,0,1,,,JacoJo01
Andre James,T,2021,0,0,1,10,45,0,0,0,0,0,0,0,0,0,0,0,,,,JameAn01
Elgton Jenkins,OL,2021,0,1,2,22,40,0,0,0,0,0,0,0,0,0,0,0,,,,JenkEl00
Gary Jennings Jr,WR,2019,0,0,0,0,1,0,0,0,0,0,0,0,0,0,0,0,,,,JennGa00
D'Ernest Johnson,RB,2021,0,0,0,6,49,0,0,0,0,0,137,721,3,28,222,0,5,,,JohnDE04
Darryl Johnson,DE,2021,0,0,0,3,34,0,0,0,0,0,0,0,0,0,0,0,21,,2.0,JohnDa10
Diontae Johnson,WR,2021,0,1,3,22,47,0,0,0,0,0,12,109,0,254,2764,20,,,,JohnDi01
Fred Johnson,G,2021,0,0,0,5,23,0,0,0,0,0,0,0,0,0,0,0,,,,JohnFr01
Isaiah Johnson,CB,2020,0,0,0,1,19,0,0,0,0,0,0,0,0,0,0,0,8,,,JohnIs02
Jakob Johnson,FB,2021,0,0,2,0,37,0,0,0,0,0,0,0,0,13,83,1,1,,,JohnJa12
Jaquan Johnson,CB,2021,0,0,0,3,44,1,1,13,0,0,0,0,0,0,0,0,18,1,,JohnJa11
KeeSean Johnson,WR,2021,0,0,0,4,18,0,0,0,0,0,1,3,0,36,360,1,,,,JohnKe07
Lonnie Johnson Jr.,CB,2021,0,0,0,8,44,0,0,0,0,0,0,0,0,0,0,0,128,3,,JohnLo01
Olabisi Johnson,WR,2020,0,0,0,5,32,0,0,0,0,0,1,6,0,45,483,3,,,,JohnOl00
Ty Johnson,RB,2021,0,0,0,8,45,0,0,0,0,0,178,765,3,74,580,3,6,,,JohnTy02
Charles Jones,TE,2019,0,0,0,0,4,0,0,0,0,0,0,0,0,1,5,0,,,,JoneCh10
Daniel Jones,QB,2021,0,0,3,24,38,796,1268,8398,45,29,172,1000,5,1,16,0,,,,JoneDa05
Dre'Mont Jones,DL,2021,0,0,1,12,43,0,0,0,0,0,0,0,0,0,0,0,52,1,15.5,JoneDr00
Michael Jordan,OL,2021,0,0,2,11,38,0,0,0,0,0,0,0,0,0,0,0,2,,,JordMi01
Kingsley Keke,DL,2021,0,0,1,9,41,0,0,0,0,0,0,0,0,0,0,0,25,,6.5,KekeKi00
Kameron Kelly,DB,2019,0,0,0,1,14,0,0,0,0,0,0,0,0,0,0,0,17,1,,KellKa02
Tom Kennedy,WR,2021,0,0,0,1,13,1,1,75,1,0,0,0,0,6,54,0,,,,KennTo01
Brandon Knight,T,2021,0,0,1,6,21,0,0,0,0,0,0,0,0,0,0,0,,,,KnigBr01
Dawson Knox,TE,2021,0,0,3,12,42,0,0,0,0,0,1,13,0,101,1263,14,1,,,KnoxDa00
Jordan Kunaszyk,LB,2021,0,0,0,3,26,0,0,0,0,0,0,0,0,0,0,0,8,,,KunaJo00
Patrick Laird,RB,2021,0,0,0,4,37,0,0,0,0,0,76,244,1,36,289,0,6,,,LairPa00
Chris Lammons,DB,2021,0,0,0,2,26,0,0,0,0,0,0,0,0,0,0,0,11,1,,LammCh00
Austin Larkin,DE,2020,0,0,0,1,11,0,0,0,0,0,0,0,0,0,0,0,6,,,LarkAu00
Dexter Lawrence,DL,2021,0,0,2,19,48,0,0,0,0,0,0,0,0,0,0,0,81,,9.0,LawrDe03
Justin Layne,CB,2021,0,0,0,3,43,0,0,0,0,0,0,0,0,0,0,0,28,,,LaynJu00
Jonathan Ledbetter,DE,2021,0,0,0,0,2,0,0,0,0,0,0,0,0,0,0,0,1,,0.5,LedbJo01
Chris Lindstrom,OL,2021,0,0,2,15,38,0,0,0,0,0,0,0,0,0,0,0,1,,,LindCh00
Greg Little,OL,2020,0,0,0,3,14,0,0,0,0,0,0,0,0,0,0,0,,,,LittGr01
Drew Lock,QB,2021,0,0,1,12,24,421,710,4740,25,20,72,285,5,1,1,0,1,,,LockDr00
David Long,CB,2021,0,0,0,4,40,0,0,0,0,0,0,0,0,0,0,0,49,1,,LongDa02
David Long,LB,2021,0,0,0,9,38,0,0,0,0,0,0,0,0,0,0,0,85,2,,LongDa04
Ty Long,P,2021,0,0,0,7,49,0,1,0,0,0,1,-28,0,0,0,0,3,,,LongTy00
Julian Love,CB,2021,0,0,0,8,48,0,0,0,0,0,0,0,0,0,0,0,113,3,0.5,LoveJu00
Brad Lundblade,C,2019,0,0,0,0,1,0,0,0,0,0,0,0,0,0,0,0,,,,LundBr00
Daylon Mack,DL,2019,0,0,0,0,1,0,0,0,0,0,0,0,0,0,0,0,,,,MackDa00
Isaiah Mack,DT,2021,0,0,0,2,23,0,0,0,0,0,0,0,0,0,0,0,6,,2.5,MackIs00
Iman Marshall,CB,2019,0,0,0,0,3,0,0,0,0,0,0,0,0,0,0,0,1,,,MarsIm00
Wes Martin,G,2021,0,0,0,6,32,0,0,0,0,0,0,0,0,0,0,0,1,,,MartWe00
Alexander Mattison,RB,2021,0,0,0,12,42,0,0,0,0,0,330,1387,6,55,435,2,,,,MattAl01
Cole Mazza,LS,2020,0,0,0,2,32,0,0,0,0,0,0,0,0,0,0,0,2,,,MazzCo01
Erik McCoy,OL,2021,0,0,3,19,44,0,0,0,0,0,0,0,0,0,0,0,,,,McCoEr01
Rob McCray,LB,2019,0,0,0,0,1,0,0,0,0,0,0,0,0,0,0,0,1,,,McCrRo00
Codey McElroy,WR,2021,0,0,0,0,3,0,0,0,0,0,0,0,0,1,30,0,,,,McElCo00
Kaleb McGary,OL,2021,0,0,3,21,46,0,0,0,0,0,0,0,0,1,-3,0,,,,McGaKa00
Garrett McGhin,T,2019,0,0,0,0,2,0,0,0,0,0,0,0,0,0,0,0,,,,McGhGa01
Chase McLaughlin,K,2021,0,0,0,4,31,0,0,0,0,0,0,0,0,0,0,0,,,,McLaCh00
Terry McLaurin,WR,2021,0,0,3,23,46,0,0,0,0,0,3,42,0,222,3090,16,2,,,McLaTe00
Trace McSorley,QB,2020,0,0,0,0,3,3,10,90,1,0,6,18,0,0,0,0,,,,McSoTr00
Nate Meadors,DB,2020,0,0,0,0,3,0,0,0,0,0,0,0,0,0,0,0,2,,,MeadNa00
Carson Meier,TE,2019,0,0,0,0,1,0,0,0,0,0,0,0,0,0,0,0,,,,MeieCa00
Patrick Mekari,G,2021,0,0,1,13,38,0,0,0,0,0,0,0,0,0,0,0,1,,,MekaPa00
D.K. Metcalf,WR,2021,0,1,3,29,49,0,0,0,0,0,3,17,0,216,3170,29,1,,,MetcDK00
Jakobi Meyers,WR,2021,0,0,1,18,46,4,4,88,2,0,3,18,0,168,1954,2,2,,,MeyeJa01
Joshua Miles,OT,2021,0,0,0,2,17,0,0,0,0,0,0,0,0,0,0,0,,,,MileJo00
Christian Miller,EDGE,2019,0,0,0,1,7,0,0,0,0,0,0,0,0,0,0,0,2,,2.0,MillCh04
Jordan Miller,CB,2021,0,0,0,1,12,0,0,0,0,0,0,0,0,0,0,0,4,,,MillJo05
Scott Miller,WR,2021,0,0,1,8,35,0,0,0,0,0,7,73,1,51,739,4,2,,,MillSc01
Shareef Miller,EDGE,2019,0,0,0,0,1,0,0,0,0,0,0,0,0,0,0,0,,,,MillSh00
Gardner Minshew II,QB,2021,0,0,2,18,27,542,857,5969,41,12,105,518,1,1,0,0,,,,MinsGa00
Bryan Mone,DT,2021,0,0,0,4,28,0,0,0,0,0,0,0,0,0,0,0,18,,2.0,MoneBr00
David Montgomery,RB,2021,0,0,2,21,44,0,1,0,0,1,714,2808,21,121,924,3,,,,MontDa01
C.J. Moore,DB,2021,0,0,0,3,45,0,0,0,0,0,2,31,0,0,0,0,22,1,,MoorCJ01
Jason Moore,WR,2021,0,0,0,1,14,0,0,0,0,0,0,0,0,5,99,0,,,,MoorJa02
Foster Moreau,TE,2021,0,0,2,5,46,0,0,0,0,0,0,0,0,58,687,10,6,,,MoreFo00
Jimmy Moreland,CB,2021,0,0,0,5,37,0,0,0,0,0,0,0,0,0,0,0,65,1,0.5,MoreJi00
Stanley Morgan Jr.,WR,2021,0,0,0,0,34,0,0,0,0,0,1,3,0,5,29,0,13,,,MorgSt02
Patrick Morris,C,2020,0,0,0,0,3,0,0,0,0,0,0,0,0,0,0,0,,,,MorrPa00
Trayvon Mullen,CB,2021,0,0,2,10,37,0,0,0,0,0,0,0,0,0,0,0,115,4,,MullTr00
Byron Murphy,CB,2021,0,0,2,15,47,0,0,0,0,0,0,0,0,0,0,0,155,5,2.5,MurpBy00
Sean Murphy-Bunting,CB,2021,0,0,1,12,41,0,0,0,0,0,0,0,0,0,0,0,120,4,1.0,BuntSe00
Kyler Murray,QB,2021,0,2,3,44,46,1057,1581,11480,70,34,314,1786,20,0,7,0,,,,MurrKy00
Ryan Nall,RB,2021,0,0,0,1,33,0,0,0,0,0,6,12,0,9,71,1,8,,,NallRy00
Isaac Nauta,TE,2020,0,0,0,0,13,0,0,0,0,0,0,0,0,3,16,0,,,,NautIs00
Nik Needham,DB,2021,0,0,1,11,45,0,0,0,0,0,0,0,0,0,0,0,125,6,3.0,NeedNi00
Anthony Nelson,DL,2021,0,0,0,6,42,0,0,0,0,0,0,0,0,0,0,0,25,,6.0,NelsAn01
Keisean Nixon,CB,2021,0,0,0,3,40,0,0,0,0,0,0,0,0,0,0,0,28,,,NixoKe00
Bobby Okereke,LB,2021,0,0,3,14,47,0,0,0,0,0,0,0,0,0,0,0,194,3,2.0,OkerBo00
Ed Oliver,DL,2021,0,0,2,23,49,0,0,0,0,0,0,0,0,0,0,0,76,,12.0,OlivEd00
Josh Oliver,TE,2021,0,0,0,1,18,0,0,0,0,0,0,0,0,12,81,0,2,,,OlivJo00
Qadree Ollison,RB,2021,0,0,0,1,19,0,0,0,0,0,44,158,5,5,19,0,4,,,OlliQa00
Gunner Olszewski,WR,2021,1,0,0,2,37,0,0,0,0,0,6,32,0,9,127,1,5,,,OlszGu00
Donovan Olumba,CB,2019,0,0,0,0,1,0,0,0,0,0,0,0,0,0,0,0,,,,OlumDo00
Charles Omenihu,DL,2021,0,0,0,6,44,0,0,0,0,0,0,0,0,0,0,0,33,,7.0,OmenCh00
Kareem Orr,DB,2021,0,0,0,0,9,0,0,0,0,0,0,0,0,0,0,0,16,,,OrrxKa00
Amani Oruwariye,CB,2021,0,0,2,10,39,0,0,0,0,0,0,0,0,0,0,0,107,9,,OruwAm00
Matthew Orzech,TE,2021,0,0,0,2,33,0,0,0,0,0,0,0,0,0,0,0,1,,,OrzeMa00
Jonathan Owens,S,2021,0,0,0,1,14,0,0,0,0,0,0,0,0,0,0,0,10,1,,OwenJo01
Devine Ozigbo,RB,2021,0,0,0,0,21,0,0,0,0,0,11,25,0,13,72,0,3,,,OzigDe01
Steven Parker,DB,2021,0,0,0,3,31,0,0,0,0,0,0,0,0,0,0,0,24,2,,ParkSt00
Natrez Patrick,LB,2020,0,0,0,2,25,0,0,0,0,0,0,0,0,0,0,0,4,,,PatrNa00
Chris Peace,DE,2019,0,0,0,0,5,0,0,0,0,0,0,0,0,0,0,0,,,,PeacCh00
Jamal Perry,DB,2021,0,0,0,4,31,0,0,0,0,0,0,0,0,0,0,0,57,1,,WiltJo01
Justin Phillips,LB,2019,0,0,0,0,4,0,0,0,0,0,0,0,0,0,0,0,4,,,PhilJu00
Kyle Phillips,DL,2021,0,0,0,7,29,0,0,0,0,0,0,0,0,0,0,0,34,,2.5,PhilKy00
Ross Pierschbacher,OL,2020,0,0,0,0,8,0,0,0,0,0,0,0,0,0,0,0,,,,PierRo00
Trey Pipkins,OT,2021,0,0,0,8,38,0,0,0,0,0,0,0,0,0,0,0,,,,PipkTr00
Anthony Pittman,LB,2021,0,0,0,1,18,0,0,0,0,0,0,0,0,0,0,0,9,,,PittAn01
Tony Pollard,RB,2021,0,0,0,15,46,0,0,0,0,0,317,1609,8,82,637,2,5,,,PollTo00
Ben Powers,OL,2021,0,0,2,8,30,0,0,0,0,0,0,0,0,0,0,0,,,,PoweBe00
Germaine Pratt,LB,2021,0,0,3,19,47,0,0,0,0,0,0,0,0,0,0,0,162,1,0.5,PratGe00
Isaiah Prince,OL,2021,0,0,0,4,19,0,0,0,0,0,0,0,0,0,0,0,,,,PrinIs00
Taylor Rapp,S,2021,0,0,2,14,41,0,0,0,0,0,0,0,0,0,0,0,158,7,1.5,RappTa00
Sheldrick Redwine,S,2021,0,0,0,4,33,0,0,0,0,0,0,0,0,0,0,0,52,1,0.5,RedwSh00
Malik Reed,LB,2021,0,0,3,18,45,0,0,0,0,0,0,0,0,0,0,0,74,,15.0,ReedMa01
Troy Reeder,LB,2021,0,0,1,13,49,0,0,0,0,0,0,0,0,0,0,0,137,2,5.0,ReedTr01
Hunter Renfrow,WR,2021,0,1,0,17,46,0,0,0,0,0,3,3,0,208,2299,15,3,,,RenfHu00
Craig Reynolds,RB,2021,0,0,0,2,10,0,0,0,0,0,56,234,0,8,55,0,1,,,ReynCr00
Riley Ridley,WR,2020,0,0,0,1,10,0,0,0,0,0,0,0,0,10,108,0,,,,RidlRi00
Dalton Risner,OL,2021,0,0,3,17,47,0,0,0,0,0,0,0,0,0,0,0,,,,RisnDa00
Derick Roberson,DE,2021,0,0,0,2,16,0,0,0,0,0,0,0,0,0,0,0,16,,4.5,RobeDe01
Anthony Rush,NT,2021,0,0,0,3,26,0,0,0,0,0,0,0,0,0,0,0,17,,0.5,RushAn00
Brandon Rusnak,DB,2021,0,0,0,1,28,0,0,0,0,0,0,0,0,0,0,0,20,,,WatsBr01
Dontavius Russell,DL,2019,0,0,0,0,3,0,0,0,0,0,0,0,0,0,0,0,3,,,RussDo00
Dru Samia,OL,2020,0,0,0,3,15,0,0,0,0,0,0,0,0,0,0,0,,,,SamiDr00
Drew Sample,TE,2021,0,0,1,4,42,0,0,0,0,0,0,0,0,56,460,1,1,,,SampDr00
Deebo Samuel,WR,2021,1,1,2,26,38,1,2,24,1,0,81,550,11,167,2598,10,1,,,SamuDe00
Miles Sanders,RB,2021,0,0,3,20,40,0,0,0,0,0,480,2439,9,104,864,3,,,,SandMi01
Ryan Santoso,P,2021,0,0,0,0,7,0,0,0,0,0,0,0,0,0,0,0,,,,SantRy00
Khalen Saunders,DT,2021,0,0,0,4,22,0,0,0,0,0,0,0,0,0,0,0,18,,1.0,SaunKh00
Darnell Savage Jr.,S,2021,0,0,3,15,46,0,0,0,0,0,0,0,0,0,0,0,146,8,1.0,SavaDa00
Jordan Scarlett,RB,2021,0,0,0,0,10,0,0,0,0,0,4,9,0,0,0,0,1,,,ScarJo00
Max Scharping,OT,2021,0,0,3,16,48,0,0,0,0,0,0,0,0,0,7,0,,,,SchaMa01
Austin Schlottmann,G,2021,0,0,0,5,42,0,0,0,0,0,0,0,0,0,0,0,,,,SchlAu00
Spencer Schnell,WR,2019,0,0,0,0,1,0,0,0,0,0,0,0,0,0,0,0,,,,SchnSp00
Nick Scott,S,2021,0,0,0,3,48,0,0,0,0,0,1,6,0,1,23,0,45,2,,ScotNi01
Austin Seibert,K,2021,0,0,0,4,27,0,0,0,0,0,0,0,0,0,0,0,,,,SeibAu00
Kendall Sheffield,CB,2021,0,0,0,6,38,0,0,0,0,0,0,0,0,0,0,0,72,,,ShefKe00
Duke Shelley,CB,2021,0,0,0,3,30,0,0,0,0,0,0,0,0,0,0,0,39,,,ShelDu00
Coleman Shelton,C,2021,0,0,0,4,43,0,0,0,0,0,0,0,0,0,0,0,,,,ShelCo00
Darrius Shepherd,WR,2020,0,0,0,1,14,0,0,0,0,0,0,0,0,6,47,0,,,,ShepDa00
Jeffery Simmons,DL,2021,0,1,3,24,41,0,0,0,0,0,0,0,0,0,0,0,84,,13.5,SimmJe01
Steven Sims,WR,2021,0,0,0,6,29,0,1,0,0,0,10,103,1,61,575,5,,,,SimsSt00
Devin Singletary,RB,2021,0,0,3,20,45,0,0,0,0,0,495,2332,11,107,691,3,1,,,SingDe00
Alex Singleton,LB,2021,0,0,1,12,42,0,0,0,0,0,0,0,0,0,0,0,158,2,2.0,SingAl00
Deyon Sizer,DT,2019,0,0,0,0,1,0,0,0,0,0,0,0,0,0,0,0,,,,SizeDe00
Tuzar Skipper,LB,2020,0,0,0,2,10,0,0,0,0,0,0,0,0,0,0,0,5,,0.5,SkipTu00
Justin Skule,OT,2020,0,0,1,8,31,0,0,0,0,0,0,0,0,0,0,0,,,,SkulJu00
Darius Slayton,WR,2021,0,0,2,14,43,0,0,0,0,0,3,-14,0,124,1830,13,3,,,SlayDa01
Joey Slye,K,2021,0,0,0,9,44,0,0,0,0,0,0,0,0,0,0,0,3,,,SlyeJo00
Cameron Smith,LB,2019,0,0,0,0,5,0,0,0,0,0,0,0,0,0,0,0,4,,,SmitCa01
Irv Smith Jr.,TE,2020,0,0,0,6,29,0,0,0,0,0,0,0,0,66,676,7,2,,,SmitIr01
Jeff Smith,WR,2021,0,0,0,2,25,0,0,0,0,0,1,-1,0,26,292,0,1,,,SmitJe03
Kaden Smith,TE,2021,0,0,1,3,33,0,0,0,0,0,0,0,0,52,413,3,2,,,SmitKa00
Benny Snell Jr.,RB,2021,0,0,0,7,46,0,0,0,0,0,255,892,6,15,97,0,10,,,SnelBe00
E.J. Speed,LB,2021,0,0,0,3,44,0,0,0,0,0,0,0,0,0,0,0,34,,,SpeeEJ00
Diontae Spencer,WR,2021,0,0,0,1,42,0,0,0,0,0,6,25,0,10,54,0,,,,SpenDi00
Linden Stephens,CB,2020,0,0,0,1,16,0,0,0,0,0,0,0,0,0,0,0,6,,,StepLi00
Jace Sternberger,TE,2020,0,0,0,1,18,0,0,0,0,0,0,0,0,12,114,1,,,,SterJa00
Jarrett Stidham,QB,2020,0,0,0,1,8,24,48,270,2,4,9,5,0,0,0,0,,,,StidJa00
Kevin Strong,DT,2021,0,0,0,2,20,0,0,0,0,0,0,0,0,0,0,0,17,,1.0,StroKe00
Ty Summers,LB,2021,0,0,0,4,46,0,0,0,0,0,0,0,0,0,0,0,37,,,SummTy00
Keaton Sutherland,G,2021,0,0,0,1,6,0,0,0,0,0,0,0,0,0,0,0,,,,SuthKe00
Montez Sweat,EDGE,2021,0,0,2,19,42,0,0,0,0,0,0,0,0,0,0,0,72,1,21.0,SweaMo00
Tommy Sweeney,TE,2021,0,0,0,1,19,0,0,0,0,0,0,0,0,17,158,1,,,,SweeTo00
Sione Takitaki,LB,2021,0,0,1,12,45,0,0,0,0,0,0,0,0,0,0,0,76,1,1.0,TakiSi00
Josiah Tauaefa,LB,2019,0,0,0,1,12,0,0,0,0,0,0,0,0,0,0,0,5,,,TauaJo00
Jahlani Tavai,LB,2021,0,0,1,10,44,0,0,0,0,0,0,0,0,0,0,0,75,1,2.0,TavaJa00
Jawaan Taylor,OL,2021,0,0,3,19,49,0,0,0,0,0,0,0,0,0,0,0,,,,TaylJa02
Shakial Taylor,CB,2019,0,0,0,0,5,0,0,0,0,0,0,0,0,0,0,0,6,,,TaylSh00
Roderic Teamer,S,2021,0,0,1,3,17,0,0,0,0,0,0,0,0,0,0,0,43,1,1.0,TeamRo00
Marvell Tell III,S,2019,0,0,0,1,13,0,0,0,0,0,0,0,0,0,0,0,23,,,TellMa00
Darwin Thompson,RB,2020,0,0,0,2,26,0,0,0,0,0,64,225,2,16,108,1,3,,,ThomDa06
Deionte Thompson,S,2021,0,0,0,4,41,0,0,0,0,0,0,0,0,0,0,0,37,,,ThomDe06
Jalen Thompson,SAF,2021,0,0,3,10,37,0,0,0,0,0,0,0,0,0,0,0,140,4,,ThomJa04
Juan Thornhill,S,2021,0,0,3,13,49,0,0,0,0,0,0,0,0,0,0,0,118,5,,ThorJu00
Jerry Tillery,DL,2021,0,0,1,14,47,0,0,0,0,0,0,0,0,0,0,0,52,,9.5,TillJe00
Drue Tranquill,LB,2021,0,0,0,6,30,0,0,0,0,0,0,0,0,0,0,0,107,,1.5,TranDr00
Jacob Tuioti-Mariner,DT,2021,0,0,0,3,30,0,0,0,0,0,0,0,0,0,0,0,37,,3.0,TuioJa00
Shy Tuttle,DL,2021,0,0,1,12,46,0,0,0,0,0,0,0,0,0,0,0,42,1,2.0,TuttSh00
Oli Udoh,T,2021,0,0,1,7,24,0,0,0,0,0,0,0,0,0,0,0,,,,UdohOl01
John Ursua,WR,2019,0,0,0,0,3,0,0,0,0,0,0,0,0,1,11,0,,,,UrsuJo00
Andrew Van Ginkel,LB,2021,0,0,2,17,39,0,0,0,0,0,0,0,0,0,0,0,90,,10.5,VanGAn00
James Vaughters,LB,2021,0,0,0,2,27,0,0,0,0,0,0,0,0,0,0,0,22,,2.5,VaugJa01
Michael Walker,WR,2019,0,0,0,0,7,0,0,0,0,0,0,0,0,2,15,0,2,,,WalkMi00
Austin Walter,RB,2021,0,0,0,1,9,0,0,0,0,0,27,104,1,3,36,0,,,,WaltAu00
Greg Ward,WR,2021,0,0,0,6,40,2,3,17,0,0,3,1,0,88,768,10,,,,WardGr02
Josh Watson,LB,2021,0,0,0,2,19,0,0,0,0,0,0,0,0,0,0,0,7,,,WatsJo00
Armon Watts,DL,2021,0,0,0,7,40,0,0,0,0,0,0,0,0,0,0,0,39,,7.0,WattAr01
Jester Weah,WR,2019,0,0,0,0,1,0,0,0,0,0,0,0,0,0,0,0,,,,WeahJe01
Ken Webster,CB,2020,0,0,0,3,17,0,0,0,0,0,0,0,0,0,0,0,22,,,WebsKe00
Nsimba Webster,WR,2021,0,0,0,0,27,0,0,0,0,0,0,0,0,0,0,0,14,,,WebsNs00
Trevon Wesco,TE,2021,0,0,0,0,40,0,0,0,0,0,2,2,0,6,87,0,5,,,WescTr00
Devin White,LB,2021,0,1,3,32,45,0,0,0,0,0,0,0,0,0,0,0,242,1,15.0,WhitDe02
Kerrith Whyte Jr,RB,2019,0,0,0,1,6,0,0,0,0,0,24,122,0,1,9,0,,,,WhytKe00
Christian Wilkins,DL,2021,0,0,3,21,47,0,0,0,0,0,0,0,0,2,2,2,107,1,8.0,WilkCh00
Mazzi Wilkins,DB,2021,0,0,0,0,7,0,0,0,0,0,0,0,0,0,0,0,3,,,WilkMa00
Dexter Williams,RB,2020,0,0,0,0,7,0,0,0,0,0,7,19,0,0,0,0,,,,WillDe07
Duke Williams,WR,2020,0,0,0,1,5,0,0,0,0,0,0,0,0,12,166,1,,,,WillDu01
Greedy Williams,CB,2021,0,0,1,7,28,0,0,0,0,0,0,0,0,0,0,0,72,2,,WillGr00
Joejuan Williams,CB,2021,0,0,0,3,36,0,0,0,0,0,0,0,0,0,0,0,31,,,WillJo13
Preston Williams,WR,2021,0,0,2,6,24,0,0,0,0,0,1,7,0,56,787,7,,,,WillPr01
Quincy Williams,LB,2021,0,0,2,8,34,0,0,0,0,0,0,0,0,0,0,0,108,,2.0,WillQu01
Quinnen Williams,DL,2021,0,0,3,16,41,0,0,0,0,0,0,0,0,0,0,0,83,,15.5,WillQu00
Trayveon Williams,RB,2021,0,0,0,1,26,0,0,0,0,0,41,208,0,6,34,0,1,,,WillTr06
Damion Willis,WR,2019,0,0,0,1,10,0,0,0,0,0,0,0,0,9,82,0,,,,WillDa11
Gerald Willis,DT,2019,0,0,0,0,2,0,0,0,0,0,0,0,0,0,0,0,,,,WillGe02
Khari Willis,S,2021,0,0,1,12,39,0,0,0,0,0,0,0,0,0,0,0,161,4,3.5,WillKh00
Donovan Wilson,S,2021,0,0,1,6,34,0,0,0,0,0,0,0,0,0,0,0,66,2,3.5,WilsDo01
Mack Wilson,LB,2021,0,0,2,13,43,0,0,0,0,0,0,0,0,0,0,0,107,1,1.0,WilsMa03
Juwann Winfree,WR,2021,0,0,0,1,12,0,0,0,0,0,0,0,0,8,58,0,,,,WinfJu00
Andrew Wingard,S,2021,0,0,1,9,44,0,0,0,0,0,1,4,0,0,0,0,114,3,2.0,WingAn01
Chase Winovich,EDGE,2021,0,0,0,10,45,0,0,0,0,0,0,0,0,0,0,0,56,1,11.0,WinoCh00
Ryan Winslow,P,2021,0,0,0,0,6,0,0,0,0,0,0,0,0,0,0,0,,,,WinsRy00
Mitch Wishnowsky,P,2021,0,0,0,6,49,0,0,0,0,0,0,0,0,0,0,0,8,,,WishMi00
Josh Woods,LB,2021,0,0,0,3,37,0,0,0,0,0,0,0,0,0,0,0,33,,,WoodJo02
Renell Wren,DL,2021,0,0,0,2,12,0,0,0,0,0,0,0,0,0,0,0,4,,,WrenRe00
Jonathan Wynn,DE,2019,0,0,0,0,1,0,0,0,0,0,0,0,0,0,0,0,,,,WynnJo00
Oshane Ximines,EDGE,2021,0,0,0,5,30,0,0,0,0,0,0,0,0,0,0,0,19,,4.5,XimiOs00
Rock Ya-Sin,CB,2021,0,0,0,11,41,0,0,0,0,0,0,0,0,0,0,0,117,2,,Ya-SRo00
Olamide Zaccheaus,WR,2021,0,0,0,6,38,0,0,0,0,0,2,2,0,54,795,5,7,,,ZaccOl01